{"cameraMode":{"drawMode":0,"name":"Shaded","section":"Shading Mode"},"sceneLighting":true,"audioPlay":false,"sceneViewState":{"showFog":true,"showMaterialUpdate":false,"showSkybox":true,"showFlares":true,"showImageEffects":true,"showParticleSystems":true},"in2DMode":false,"pivot":{"x":-1.126016616821289,"y":0.18460354208946229,"z":-4.287892818450928},"rotation":{"x":0.0003573420981410891,"y":0.999011754989624,"z":-0.04379431530833244,"w":0.008093370124697686},"size":4.5050368309021,"orthographic":false}