{"cameraMode":{"drawMode":0,"name":"Shaded","section":"Shading Mode"},"sceneLighting":true,"audioPlay":false,"sceneViewState":{"showFog":true,"showMaterialUpdate":true,"showSkybox":true,"showFlares":true,"showImageEffects":true,"showParticleSystems":true},"in2DMode":false,"pivot":{"x":4.0009446144104,"y":0.15501366555690766,"z":-7.399113178253174},"rotation":{"x":-0.003954701591283083,"y":0.9745745062828064,"z":-0.22337384521961213,"w":-0.01725008524954319},"size":6.05308723449707,"orthographic":false}