{"cameraMode":{"drawMode":0,"name":"Shaded","section":"Shading Mode"},"sceneLighting":true,"audioPlay":false,"sceneViewState":{"showFog":true,"showMaterialUpdate":true,"showSkybox":true,"showFlares":true,"showImageEffects":true,"showParticleSystems":true},"in2DMode":false,"pivot":{"x":-3.5514750480651857,"y":0.6546765565872192,"z":-0.34369564056396487},"rotation":{"x":0.13314342498779298,"y":-0.30562493205070498,"z":0.04312739148736,"w":0.9418572187423706},"size":1.5335702896118165,"orthographic":false}