{"cameraMode":{"drawMode":0,"name":"Shaded","section":"Shading Mode"},"sceneLighting":true,"audioPlay":false,"sceneViewState":{"showFog":true,"showMaterialUpdate":false,"showSkybox":true,"showFlares":true,"showImageEffects":true,"showParticleSystems":true},"in2DMode":false,"pivot":{"x":-0.13759362697601319,"y":-2.935291051864624,"z":-7.596171855926514},"rotation":{"x":-0.06242509186267853,"y":0.9043244123458862,"z":-0.3976900577545166,"w":-0.14195218682289124},"size":7.707136631011963,"orthographic":false}