{"cameraMode":{"drawMode":0,"name":"Shaded","section":"Shading Mode"},"sceneLighting":true,"audioPlay":false,"sceneViewState":{"showFog":true,"showMaterialUpdate":false,"showSkybox":true,"showFlares":true,"showImageEffects":true,"showParticleSystems":true},"in2DMode":false,"pivot":{"x":-6.420467376708984,"y":-0.004073500633239746,"z":-2.194693088531494},"rotation":{"x":0.04300624132156372,"y":-0.6804543137550354,"z":0.0400632880628109,"w":0.7304325699806213},"size":9.42174243927002,"orthographic":false}