{"cameraMode":{"drawMode":0,"name":"Shaded","section":"Shading Mode"},"sceneLighting":true,"audioPlay":false,"sceneViewState":{"showFog":true,"showMaterialUpdate":true,"showSkybox":true,"showFlares":true,"showImageEffects":true,"showParticleSystems":true},"in2DMode":false,"pivot":{"x":-0.6029409170150757,"y":0.6293299198150635,"z":-4.045603275299072},"rotation":{"x":-0.008310128934681416,"y":-0.9869565963745117,"z":0.15219736099243165,"w":-0.053313009440898898},"size":3.634775161743164,"orthographic":false}