{"cameraMode":{"drawMode":0,"name":"Shaded","section":"Shading Mode"},"sceneLighting":false,"audioPlay":false,"sceneViewState":{"showFog":true,"showMaterialUpdate":false,"showSkybox":false,"showFlares":true,"showImageEffects":true,"showParticleSystems":true},"in2DMode":false,"pivot":{"x":5.960464477539063e-8,"y":0.1620999276638031,"z":2.2351741790771486e-8},"rotation":{"x":-0.04590730741620064,"y":-0.9485356211662293,"z":0.16203024983406068,"w":-0.26829737424850466},"size":0.6064102649688721,"orthographic":false}