{"cameraMode":{"drawMode":0,"name":"Shaded","section":"Shading Mode"},"sceneLighting":false,"audioPlay":false,"sceneViewState":{"showFog":true,"showMaterialUpdate":false,"showSkybox":false,"showFlares":true,"showImageEffects":true,"showParticleSystems":true},"in2DMode":false,"pivot":{"x":-2.821000099182129,"y":0.3249998688697815,"z":0.7264530062675476},"rotation":{"x":-0.13626563549041749,"y":-0.786126971244812,"z":0.18471284210681916,"w":-0.5738661289215088},"size":1.3789324760437012,"orthographic":false}