{"cameraMode":{"drawMode":0,"name":"Shaded","section":"Shading Mode"},"sceneLighting":true,"audioPlay":false,"sceneViewState":{"showFog":true,"showMaterialUpdate":false,"showSkybox":true,"showFlares":true,"showImageEffects":true,"showParticleSystems":true},"in2DMode":false,"pivot":{"x":-39.00684356689453,"y":5.420079231262207,"z":-7.915024757385254},"rotation":{"x":-0.06704980880022049,"y":0.48946937918663027,"z":-0.039132680743932727,"w":-0.8686020970344544},"size":29.730762481689454,"orthographic":false}