{"cameraMode":{"drawMode":0,"name":"Shaded","section":"Shading Mode"},"sceneLighting":false,"audioPlay":false,"sceneViewState":{"showFog":true,"showMaterialUpdate":false,"showSkybox":false,"showFlares":true,"showImageEffects":true,"showParticleSystems":true},"in2DMode":false,"pivot":{"x":-0.33617103099823,"y":0.38301748037338259,"z":0.1649908423423767},"rotation":{"x":-0.13626563549041749,"y":-0.786126971244812,"z":0.18471284210681916,"w":-0.5738661289215088},"size":3.499492645263672,"orthographic":false}