{"cameraMode":{"drawMode":0,"name":"Shaded","section":"Shading Mode"},"sceneLighting":false,"audioPlay":false,"sceneViewState":{"showFog":true,"showMaterialUpdate":false,"showSkybox":false,"showFlares":true,"showImageEffects":true,"showParticleSystems":true},"in2DMode":false,"pivot":{"x":-0.24046945571899415,"y":0.3092304468154907,"z":0.04398238658905029},"rotation":{"x":0.07357453554868698,"y":0.7772714495658875,"z":-0.09065292775630951,"w":0.6184535622596741},"size":2.447174549102783,"orthographic":false}