{"cameraMode":{"drawMode":0,"name":"Shaded","section":"Shading Mode"},"sceneLighting":false,"audioPlay":false,"sceneViewState":{"showFog":true,"showMaterialUpdate":false,"showSkybox":false,"showFlares":true,"showImageEffects":true,"showParticleSystems":true},"in2DMode":false,"pivot":{"x":-4.019188404083252,"y":0.32499998807907107,"z":-1.9999998807907105},"rotation":{"x":-0.13626563549041749,"y":-0.786126971244812,"z":0.18471284210681916,"w":-0.5738661289215088},"size":1.378932237625122,"orthographic":false}