{"cameraMode":{"drawMode":0,"name":"Shaded","section":"Shading Mode"},"sceneLighting":false,"audioPlay":false,"sceneViewState":{"showFog":true,"showMaterialUpdate":false,"showSkybox":false,"showFlares":true,"showImageEffects":true,"showParticleSystems":true},"in2DMode":false,"pivot":{"x":-1.7128651142120362,"y":-0.32251328229904177,"z":-4.066487789154053},"rotation":{"x":0.16877546906471253,"y":0.7391037344932556,"z":-0.19906049966812135,"w":0.6211943030357361},"size":2.447174549102783,"orthographic":false}