{"cameraMode":{"drawMode":0,"name":"Shaded","section":"Shading Mode"},"sceneLighting":true,"audioPlay":false,"sceneViewState":{"showFog":true,"showMaterialUpdate":false,"showSkybox":true,"showFlares":true,"showImageEffects":true,"showParticleSystems":true},"in2DMode":false,"pivot":{"x":-1.0983902215957642,"y":1.5643727779388428,"z":-2.7565743923187258},"rotation":{"x":0.0012691374868154526,"y":0.9794855117797852,"z":-0.20141825079917909,"w":0.006171775050461292},"size":7.977210998535156,"orthographic":false}