{"cameraMode":{"drawMode":0,"name":"Shaded","section":"Shading Mode"},"sceneLighting":false,"audioPlay":false,"sceneViewState":{"showFog":true,"showMaterialUpdate":true,"showSkybox":false,"showFlares":true,"showImageEffects":true,"showParticleSystems":true},"in2DMode":false,"pivot":{"x":-0.04500234127044678,"y":1.6955018043518067,"z":0.4540848433971405},"rotation":{"x":-0.003636375069618225,"y":0.9611666202545166,"z":-0.2756691873073578,"w":-0.012688308954238892},"size":3.3518412113189699,"orthographic":false}