{"cameraMode":{"drawMode":0,"name":"Shaded","section":"Shading Mode"},"sceneLighting":true,"audioPlay":false,"sceneViewState":{"showFog":true,"showMaterialUpdate":true,"showSkybox":true,"showFlares":true,"showImageEffects":true,"showParticleSystems":true},"in2DMode":false,"pivot":{"x":-11.84554672241211,"y":-1.77193284034729,"z":-4.609524250030518},"rotation":{"x":0.10653475672006607,"y":-0.7847744822502136,"z":0.14096015691757203,"w":0.594187319278717},"size":11.139835357666016,"orthographic":false}